,Date,GLD,S&P500,NASDAQ,上证指数,深圳成指,创业板指数,恒生指数,美国债券
1227,2013-12-31,116.12,1848.36,4176.59,2115.98,8121.79,1304.44,23306.39,106.43
1228,2014-01-02,118,1831.98,4143.07,2109.39,8114.39,1333.0,23340.05,106.5
1229,2014-01-03,119.29,1831.37,4131.91,2083.14,8028.33,1352.84,22817.28,106.54
1230,2014-01-06,119.5,1826.77,4113.68,2045.71,7818.46,1323.33,22684.15,106.68
1231,2014-01-07,118.82,1837.88,4153.18,2047.32,7806.31,1352.28,22712.78,106.73
1232,2014-01-08,118.12,1837.49,4165.61,2044.34,7802.14,1405.02,22996.59,106.41
1233,2014-01-09,118.46,1838.13,4156.19,2027.62,7746.74,1380.24,22787.33,106.56
1234,2014-01-10,120.26,1842.37,4174.66,2013.3,7648.04,1353.3,22846.25,107.1
1235,2014-01-13,121.02,1819.2,4113.3,2009.56,7572.56,1362.79,22888.76,107.2
1236,2014-01-14,119.89,1838.88,4183.02,2026.84,7665.77,1400.92,22791.28,107.04
1237,2014-01-15,119.66,1848.38,4214.88,2023.35,7668.8,1415.32,22902.0,106.95
1238,2014-01-16,119.79,1845.89,4218.69,2023.7,7667.22,1395.16,22986.41,107.2
1239,2014-01-17,120.93,1838.7,4197.58,2004.95,7544.57,1395.51,23133.35,107.25
1240,2014-01-21,119.7,1843.8,4225.76,2008.31,7593.43,1407.15,23033.12,107.3
1241,2014-01-22,119.19,1844.86,4243.0,2051.75,7820.45,1431.74,23082.25,107.07
1242,2014-01-23,121.79,1828.46,4218.88,2042.18,7788.47,1461.53,22733.9,107.35
1243,2014-01-24,122.29,1790.29,4128.17,2054.39,7855.14,1484.43,22450.06,107.58
1244,2014-01-27,120.96,1781.56,4083.61,2033.3,7752.54,1477.67,21976.1,107.35
1245,2014-01-28,120.95,1792.5,4097.96,2038.51,7740.75,1471.34,21960.64,107.53
1246,2014-01-29,122.47,1774.2,4051.43,2049.91,7707.59,1496.53,22141.61,107.85
1247,2014-01-30,119.77,1794.19,4123.12,2033.08,7572.63,1495.98,22035.42,107.87
1248,2014-01-31,120.09,1782.59,4103.88,2033.08,7572.63,1495.98,22035.42,108.07
1249,2014-02-03,121.32,1741.89,3996.96,2033.08,7572.63,1495.98,22035.42,108.23
1250,2014-02-04,120.99,1755.2,4031.52,2033.08,7572.63,1495.98,21397.77,107.97
1251,2014-02-05,121.29,1751.64,4011.55,2033.08,7572.63,1495.98,21269.38,107.7
1252,2014-02-06,121.24,1773.43,4057.12,2033.08,7572.63,1495.98,21423.13,107.65
1253,2014-02-07,122.17,1797.02,4125.86,2044.5,7616.57,1532.69,21636.85,107.82
1254,2014-02-10,122.92,1799.84,4148.17,2086.07,7812.16,1553.42,21579.26,107.93
1255,2014-02-11,124.36,1819.75,4191.05,2103.67,7838.12,1527.15,21962.98,107.72
1256,2014-02-12,124.43,1819.26,4201.29,2109.96,7902.08,1539.97,22285.79,107.54
1257,2014-02-13,125.49,1829.83,4240.67,2098.4,7857.11,1485.13,22165.53,107.77
1258,2014-02-14,127.15,1838.63,4244.02,2115.85,7883.75,1515.78,22298.41,107.77
1259,2014-02-18,127.4,1840.76,4272.78,2119.07,7832.47,1545.34,22587.72,107.84
1260,2014-02-19,126.27,1828.75,4237.95,2142.55,7953.94,1544.4,22664.52,107.76
1261,2014-02-20,127.6,1839.78,4267.55,2138.78,7842.12,1515.16,22394.08,107.7
1262,2014-02-21,127.58,1836.25,4263.41,2113.69,7750.56,1519.67,22568.24,107.8
1263,2014-02-24,128.99,1847.61,4292.97,2076.69,7542.53,1540.03,22388.56,107.7
1264,2014-02-25,129.21,1845.12,4287.59,2034.22,7303.95,1472.69,22317.2,107.99
1265,2014-02-26,128.11,1845.16,4292.06,2041.25,7319.61,1465.99,22437.44,108.22
1266,2014-02-27,128.2,1854.29,4318.93,2047.35,7188.75,1414.66,22828.18,108.33
1267,2014-02-28,127.62,1859.45,4308.12,2056.3,7365.93,1434.89,22836.96,108.27
1268,2014-03-03,130.29,1845.73,4277.3,2075.24,7391.91,1465.14,22500.67,108.35
1269,2014-03-04,128.68,1873.91,4351.97,2071.47,7347.11,1460.45,22657.63,107.95
1270,2014-03-05,128.89,1873.81,4357.97,2053.08,7298.13,1464.58,22579.78,108.01
1271,2014-03-06,130.17,1877.03,4352.12,2059.58,7352.03,1462.53,22702.97,107.77
1272,2014-03-07,129.09,1878.04,4336.22,2057.91,7328.48,1460.61,22660.49,107.47
1273,2014-03-10,129.13,1877.17,4334.45,1999.06,7118.44,1407.07,22264.93,107.47
1274,2014-03-11,129.86,1867.63,4307.19,2001.16,7212.57,1395.81,22269.61,107.46
1275,2014-03-12,131.76,1868.2,4323.33,1997.69,7217.02,1399.27,21901.95,107.7
1276,2014-03-13,132.21,1846.34,4260.42,2019.11,7319.29,1436.86,21756.08,107.98
1277,2014-03-14,133.1,1841.13,4245.4,2004.34,7239.06,1434.02,21539.49,107.93
1278,2014-03-17,131.64,1858.83,4279.95,2023.67,7340.62,1477.42,21473.95,107.87
1279,2014-03-18,130.62,1872.25,4333.31,2025.2,7273.95,1485.64,21583.5,108
1280,2014-03-19,128.09,1860.77,4307.6,2021.73,7150.12,1466.22,21568.69,107.52
1281,2014-03-20,127.86,1872.01,4319.29,1993.48,6998.19,1417.66,21182.16,107.44
1282,2014-03-21,128.47,1866.52,4276.79,2047.62,7241.57,1419.84,21436.7,107.59
1283,2014-03-24,126.18,1857.44,4226.39,2066.28,7273.76,1397.29,21846.45,107.75
1284,2014-03-25,126.41,1865.62,4234.27,2067.31,7252.35,1394.82,21732.32,107.64
1285,2014-03-26,125.41,1852.56,4173.58,2063.67,7244.19,1417.61,21887.75,107.98
1286,2014-03-27,124.59,1849.04,4151.23,2046.59,7173.02,1367.96,21834.45,108.06
1287,2014-03-28,124.56,1857.62,4155.76,2041.71,7165.57,1330.5,22065.53,107.9
1288,2014-03-31,123.61,1872.34,4198.99,2033.31,7189.58,1327.8,22151.06,107.91
1289,2014-04-01,123.39,1885.52,4268.04,2047.46,7281.11,1355.05,22448.54,107.54
1290,2014-04-02,124.32,1890.9,4276.46,2058.99,7333.59,1327.98,22523.94,107.36
1291,2014-04-03,123.92,1888.77,4237.74,2043.7,7298.0,1326.18,22565.08,107.44
1292,2014-04-04,125.57,1865.09,4127.73,2058.83,7367.8,1346.74,22510.08,107.78
1293,2014-04-07,124.91,1845.04,4079.75,2058.83,7367.8,1346.74,22377.15,107.94
1294,2014-04-08,126.09,1851.96,4112.99,2098.28,7508.66,1351.18,22596.97,108.07
1295,2014-04-09,126.32,1872.18,4183.9,2105.24,7511.25,1370.46,22843.17,108.08
1296,2014-04-10,127.01,1833.08,4054.11,2134.3,7563.2,1381.14,23186.96,108.33
1297,2014-04-11,126.93,1815.69,3999.73,2130.54,7586.83,1363.9,23003.64,108.43
1298,2014-04-14,127.85,1830.61,4022.69,2131.54,7583.28,1372.73,23038.8,108.47
1299,2014-04-15,125.49,1842.98,4034.16,2101.6,7449.71,1369.89,22671.26,108.48
1300,2014-04-16,125.54,1862.31,4086.22,2105.12,7468.46,1359.3,22696.01,108.54
1301,2014-04-17,124.75,1864.85,4095.52,2098.89,7451.04,1367.59,22760.24,108.19
1302,2014-04-21,124.24,1871.89,4121.55,2065.83,7353.6,1363.85,22760.24,108.18
1303,2014-04-22,123.78,1879.55,4161.46,2072.83,7391.22,1336.19,22730.68,108.16
1304,2014-04-23,123.76,1875.39,4126.97,2067.38,7434.73,1326.44,22509.64,108.27
1305,2014-04-24,124.56,1878.61,4148.34,2057.03,7419.44,1319.51,22562.8,108.37
1306,2014-04-25,125.43,1863.4,4075.56,2036.52,7323.65,1291.9,22223.53,108.39
1307,2014-04-28,124.88,1869.43,4074.4,2003.49,7240.46,1257.26,22132.53,108.32
1308,2014-04-29,124.86,1878.33,4103.54,2020.34,7339.86,1266.54,22453.89,108.37
1309,2014-04-30,124.22,1883.95,4114.56,2026.36,7312.86,1283.21,22133.97,108.59
1310,2014-05-01,123.8,1883.68,4127.45,2026.36,7312.86,1283.21,22133.97,108.55
1311,2014-05-02,125.06,1881.14,4123.9,2026.36,7312.86,1283.21,22260.67,108.68
1312,2014-05-05,126.22,1884.66,4138.06,2027.35,7309.56,1302.15,21976.33,108.64
1313,2014-05-06,125.98,1867.72,4080.76,2028.04,7311.89,1316.86,21976.33,108.72
1314,2014-05-07,124.17,1878.21,4067.67,2010.08,7234.69,1290.03,21746.26,108.72
1315,2014-05-08,124.17,1875.63,4051.5,2015.27,7169.98,1279.84,21837.12,108.79
1316,2014-05-09,124.1,1878.48,4071.87,2011.14,7162.44,1258.58,21862.99,108.69
1317,2014-05-12,124.94,1896.65,4143.86,2052.87,7318.14,1278.28,22261.61,108.6
1318,2014-05-13,124.6,1897.45,4130.16,2050.73,7310.31,1276.24,22352.38,108.78
1319,2014-05-14,125.81,1888.53,4100.63,2047.91,7325.52,1278.66,22582.77,109.09
1320,2014-05-15,124.77,1870.85,4069.29,2024.97,7213.77,1253.88,22730.86,109.32
1321,2014-05-16,124.5,1877.86,4090.59,2026.5,7242.17,1226.47,22712.91,109.2
1322,2014-05-19,124.58,1885.09,4125.81,2005.18,7151.49,1228.37,22704.5,109.16
1323,2014-05-20,124.69,1872.83,4096.89,2008.12,7151.18,1244.65,22834.68,109.21
1324,2014-05-21,124.39,1888.03,4131.54,2024.95,7204.65,1257.8,22836.52,109.17
1325,2014-05-22,124.67,1892.49,4154.34,2021.29,7183.68,1269.51,22953.76,109.12
1326,2014-05-23,124.51,1900.53,4185.81,2034.57,7240.92,1296.0,22965.86,109.23
1327,2014-05-27,121.85,1911.91,4237.07,2034.56,7260.12,1306.28,22944.3,109.33
1328,2014-05-28,121.2,1909.78,4225.07,2050.23,7380.69,1338.97,23080.03,109.63
1329,2014-05-29,120.94,1920.03,4247.95,2040.6,7341.56,1314.21,23010.14,109.57
1330,2014-05-30,120.43,1923.57,4242.62,2039.21,7364.83,1318.13,23081.65,109.67
1331,2014-06-02,119.7,1924.97,4237.2,2039.21,7364.83,1318.13,23081.65,109.13
1332,2014-06-03,120.01,1924.24,4234.08,2038.31,7321.52,1319.63,23291.04,108.84
1333,2014-06-04,119.76,1927.88,4251.64,2024.83,7223.13,1321.72,23151.71,108.8
1334,2014-06-05,120.66,1940.46,4296.23,2040.88,7303.64,1355.48,23109.66,108.94
1335,2014-06-06,120.61,1949.44,4321.4,2029.96,7235.39,1350.45,22951.0,108.88
1336,2014-06-09,120.65,1951.27,4336.24,2030.5,7227.24,1326.68,23117.47,108.78
1337,2014-06-10,121.39,1950.79,4338.0,2052.53,7341.66,1353.87,23315.74,108.62
1338,2014-06-11,121.41,1943.89,4331.93,2054.95,7340.69,1367.39,23257.29,108.7
1339,2014-06-12,122.64,1930.11,4297.63,2051.71,7299.81,1363.74,23175.02,108.91
1340,2014-06-13,122.96,1936.16,4310.65,2070.72,7401.35,1382.73,23319.17,108.88
1341,2014-06-16,122.42,1937.78,4321.1,2085.98,7416.99,1395.61,23300.67,108.82
1342,2014-06-17,122.28,1941.99,4337.23,2066.7,7331.37,1377.43,23203.59,108.62
1343,2014-06-18,122.67,1956.98,4362.84,2055.52,7297.4,1363.99,23181.72,108.91
1344,2014-06-19,126.94,1959.48,4359.33,2023.74,7180.32,1320.66,23167.73,108.75
1345,2014-06-20,126.5,1962.87,4368.04,2026.67,7195.69,1333.98,23194.06,108.94
1346,2014-06-23,126.85,1962.61,4368.68,2024.37,7192.87,1361.28,22804.81,108.84
1347,2014-06-24,126.98,1949.98,4350.35,2033.93,7240.85,1369.44,22880.64,109.03
1348,2014-06-25,126.99,1959.53,4379.76,2025.5,7217.65,1358.71,22866.7,109.18
1349,2014-06-26,126.73,1957.22,4379.05,2038.68,7291.88,1386.27,23197.83,109.39
1350,2014-06-27,126.66,1960.96,4397.93,2036.51,7312.62,1388.82,23221.52,109.39
1351,2014-06-30,128.04,1960.23,4408.18,2048.33,7343.27,1404.71,23190.72,109.4
1352,2014-07-01,127.7,1973.32,4458.65,2050.38,7297.5,1411.74,23190.72,109.07
1353,2014-07-02,127.7,1974.62,4457.73,2059.42,7310.38,1419.94,23549.62,108.69
1354,2014-07-03,127.16,1985.44,4485.93,2063.23,7335.54,1422.6,23531.44,108.62
1355,2014-07-07,127.02,1977.65,4451.53,2059.93,7321.52,1393.89,23540.92,108.65
1356,2014-07-08,127.07,1963.71,4391.46,2064.02,7358.33,1410.73,23541.38,108.87
1357,2014-07-09,127.84,1972.83,4419.03,2038.61,7192.71,1384.58,23176.07,108.96
1358,2014-07-10,128.54,1964.68,4396.2,2038.34,7159.63,1363.88,23238.99,109.01
1359,2014-07-11,128.78,1967.57,4415.49,2046.96,7206.97,1359.34,23233.45,109.16
1360,2014-07-14,125.72,1977.1,4440.42,2066.65,7278.86,1367.07,23346.67,109.07
1361,2014-07-15,124.53,1973.28,4416.39,2070.36,7304.41,1341.27,23459.96,108.93
1362,2014-07-16,124.97,1981.57,4425.97,2067.28,7261.91,1318.62,23523.28,109.02
1363,2014-07-17,127.09,1958.12,4363.45,2055.59,7194.74,1312.81,23520.87,109.34
1364,2014-07-18,126.13,1978.22,4432.15,2059.07,7259.45,1305.92,23454.79,109.22
1365,2014-07-21,126.34,1973.63,4424.7,2054.48,7274.51,1306.97,23387.14,109.26
1366,2014-07-22,125.74,1983.53,4456.02,2075.48,7372.65,1329.35,23782.11,109.44
1367,2014-07-23,125.62,1987.01,4473.7,2078.49,7375.31,1293.09,23971.87,109.46
1368,2014-07-24,124.35,1987.98,4472.11,2105.06,7503.4,1271.88,24141.5,109.12
1369,2014-07-25,125.79,1978.34,4449.56,2126.61,7578.12,1285.77,24216.01,109.33
1370,2014-07-28,125.58,1978.91,4444.91,2177.95,7808.66,1314.53,24428.63,109.35
1371,2014-07-29,125.2,1969.95,4442.7,2183.19,7867.04,1331.76,24640.53,109.46
1372,2014-07-30,124.83,1970.07,4462.9,2181.24,7853.23,1342.74,24732.21,109.07
1373,2014-07-31,123.39,1930.67,4369.77,2201.56,7956.91,1344.54,24756.85,108.93
1374,2014-08-01,124.38,1925.15,4352.64,2185.3,7880.98,1325.94,24532.43,109.14
1375,2014-08-04,123.99,1938.99,4383.89,2223.33,8006.91,1329.82,24600.08,109.12
1376,2014-08-05,123.87,1920.21,4352.84,2219.95,8007.76,1360.69,24648.26,109.12
1377,2014-08-06,125.67,1920.24,4355.05,2217.47,7995.5,1365.74,24584.13,109.13
1378,2014-08-07,126.18,1909.57,4334.97,2187.67,7872.95,1362.03,24387.56,109.34
1379,2014-08-08,126.19,1931.59,4370.9,2194.43,7885.33,1377.44,24331.41,109.38
1380,2014-08-11,125.96,1936.92,4401.33,2224.65,8009.74,1397.78,24646.02,109.39
1381,2014-08-12,125.99,1933.75,4389.25,2221.6,7966.89,1396.44,24689.41,109.34
1382,2014-08-13,126.2,1946.72,4434.12,2222.88,7980.49,1384.31,24890.34,109.56
1383,2014-08-14,126.31,1955.18,4453.0,2206.47,7893.9,1380.3,24801.36,109.62
1384,2014-08-15,125.48,1955.06,4464.93,2226.73,7982.07,1392.45,24954.94,109.89
1385,2014-08-18,124.96,1971.74,4508.31,2239.47,8045.86,1428.74,24955.46,109.66
1386,2014-08-19,124.68,1981.6,4527.51,2245.33,8043.25,1436.4,25122.95,109.51
1387,2014-08-20,124.22,1986.51,4526.48,2240.21,8023.07,1427.4,25159.76,109.39
1388,2014-08-21,122.88,1992.37,4532.1,2230.46,8010.71,1447.88,24994.1,109.58
1389,2014-08-22,123.19,1988.4,4538.55,2240.81,8059.4,1461.72,25112.23,109.56
1390,2014-08-25,122.74,1997.92,4557.35,2229.27,7934.81,1443.81,25166.91,109.65
1391,2014-08-26,123.35,2000.02,4570.64,2207.11,7813.98,1411.15,25074.5,109.66
1392,2014-08-27,123.32,2000.12,4569.62,2209.47,7841.07,1420.54,24918.75,109.8
1393,2014-08-28,124,1996.74,4557.69,2195.82,7743.54,1403.8,24741.0,110.02
1394,2014-08-29,123.86,2003.37,4580.27,2217.2,7841.7,1424.47,24742.06,109.98
1395,2014-09-02,121.65,2002.28,4598.19,2266.05,8043.31,1465.03,24749.02,109.45
1396,2014-09-03,122.15,2000.72,4572.56,2288.63,8115.87,1477.67,25317.95,109.57
1397,2014-09-04,121.48,1997.65,4562.29,2306.86,8176.57,1495.51,25297.92,109.43
1398,2014-09-05,122.06,2007.71,4582.9,2326.43,8214.53,1489.84,25240.15,109.37
1399,2014-09-08,120.73,2001.54,4592.28,2326.43,8214.53,1489.84,25190.45,109.26
1400,2014-09-09,120.87,1988.45,4552.28,2326.53,8201.51,1494.02,25190.45,109.11
1401,2014-09-10,120.26,1995.69,4586.52,2318.3,8158.6,1504.91,24705.36,108.96
1402,2014-09-11,119.47,1997.45,4591.81,2311.68,8117.92,1513.01,24662.64,108.85
1403,2014-09-12,118.38,1985.54,4567.6,2331.95,8146.99,1524.12,24595.32,108.63
1404,2014-09-15,118.64,1984.13,4518.9,2339.14,8112.65,1526.14,24356.99,108.61
1405,2014-09-16,118.83,1998.98,4552.76,2296.55,7921.07,1473.13,24136.01,108.61
1406,2014-09-17,117.54,2001.57,4562.19,2307.89,7981.82,1479.12,24376.41,108.49
1407,2014-09-18,117.78,2011.36,4593.43,2315.93,8004.57,1490.79,24168.72,108.5
1408,2014-09-19,117.09,2010.4,4579.79,2329.45,8047.25,1499.12,24306.16,108.68
1409,2014-09-22,116.85,1994.29,4527.69,2289.87,7895.87,1483.35,23955.49,108.83
1410,2014-09-23,117.6,1982.77,4508.69,2309.72,7965.89,1500.99,23837.07,108.93
1411,2014-09-24,117.05,1998.3,4555.22,2343.57,8100.22,1517.42,23921.61,108.86
1412,2014-09-25,117.39,1965.99,4466.75,2345.1,8076.51,1508.42,23768.13,109.07
1413,2014-09-26,117.06,1982.85,4512.19,2347.72,8072.88,1511.36,23678.41,109.06
1414,2014-09-29,117.03,1977.8,4505.85,2357.71,8082.85,1526.18,23229.21,109.18
1415,2014-09-30,116.21,1972.29,4493.39,2363.87,8080.35,1540.87,22932.98,109.11
1416,2014-10-01,116.77,1946.16,4422.09,2363.87,8080.35,1540.87,22932.98,109.53
1417,2014-10-02,116.74,1946.17,4430.19,2363.87,8080.35,1540.87,22932.98,109.35
1418,2014-10-03,114.61,1967.9,4475.62,2363.87,8080.35,1540.87,23064.56,109.3
1419,2014-10-06,116.03,1964.82,4454.8,2363.87,8080.35,1540.87,23315.04,109.4
1420,2014-10-07,116.36,1935.1,4385.2,2363.87,8080.35,1540.87,23422.52,109.82
1421,2014-10-08,117.47,1968.89,4468.59,2382.79,8183.65,1557.57,23263.33,110.13
1422,2014-10-09,117.64,1928.21,4378.34,2389.37,8204.01,1561.17,23534.53,109.91
1423,2014-10-10,117.59,1906.13,4276.24,2374.54,8211.54,1554.22,23088.54,109.99
1424,2014-10-13,118.52,1874.74,4213.66,2366.01,8164.07,1548.33,23143.38,110.31
1425,2014-10-14,118.59,1877.7,4227.17,2359.48,8139.96,1539.12,23047.97,110.56
1426,2014-10-15,118.99,1862.49,4215.32,2373.67,8198.13,1545.62,23140.05,110.76
1427,2014-10-16,119.22,1862.76,4217.39,2356.5,8110.69,1526.56,22900.94,110.67
1428,2014-10-17,118.99,1886.76,4258.44,2341.18,8151.52,1511.05,23023.21,110.52
1429,2014-10-20,119.8,1904.01,4316.07,2356.73,8204.2,1532.38,23070.26,110.65
1430,2014-10-21,120.02,1941.28,4419.48,2339.66,8106.92,1517.48,23088.58,110.55
1431,2014-10-22,119.34,1927.11,4382.85,2326.55,8063.2,1504.55,23403.97,110.49
1432,2014-10-23,118.52,1950.82,4452.79,2302.42,7969.16,1477.84,23333.18,110.23
1433,2014-10-24,118.35,1964.58,4483.72,2302.28,7921.13,1477.59,23302.2,110.27
1434,2014-10-27,118.06,1961.63,4485.93,2290.44,7829.33,1492.01,23143.23,110.31
1435,2014-10-28,118.1,1985.05,4564.29,2337.87,7988.34,1522.05,23520.36,110.14
1436,2014-10-29,116.41,1982.3,4549.23,2373.03,8090.68,1530.08,23819.87,109.9
1437,2014-10-30,115.19,1994.65,4566.14,2391.08,8090.55,1525.77,23702.04,110.08
1438,2014-10-31,112.66,2018.05,4630.74,2420.18,8225.61,1513.27,23998.06,110.08
1439,2014-11-03,112.15,2017.81,4638.91,2430.03,8240.15,1529.89,23915.97,109.68
1440,2014-11-04,112.22,2012.1,4623.64,2430.68,8206.79,1516.4,23845.66,109.69
1441,2014-11-05,109.79,2023.57,4620.72,2419.25,8198.57,1512.49,23695.62,109.73
1442,2014-11-06,109.88,2031.21,4638.47,2425.86,8211.96,1532.52,23649.31,109.54
1443,2014-11-07,112.97,2031.92,4632.53,2418.17,8234.87,1522.63,23550.24,109.91
1444,2014-11-10,110.46,2038.26,4651.62,2473.67,8410.22,1514.82,23744.7,109.65
1445,2014-11-11,112.04,2039.68,4660.56,2469.67,8312.89,1461.51,23808.28,109.7
1446,2014-11-12,111.5,2038.25,4675.14,2494.48,8410.29,1475.75,23938.18,109.71
1447,2014-11-13,111.67,2039.33,4680.14,2485.61,8305.08,1442.86,24019.94,109.76
1448,2014-11-14,114.47,2039.82,4688.54,2478.82,8326.9,1441.21,24087.38,109.86
1449,2014-11-17,114.05,2041.32,4671.0,2474.01,8283.8,1471.69,23797.08,109.73
1450,2014-11-18,115.05,2051.8,4702.44,2456.37,8196.59,1481.86,23529.17,109.83
1451,2014-11-19,113.68,2048.72,4675.71,2450.99,8225.07,1505.55,23373.31,109.57
1452,2014-11-20,114.86,2052.75,4701.87,2452.66,8205.38,1494.59,23349.64,109.77
1453,2014-11-21,115.39,2063.5,4712.97,2486.79,8332.3,1504.83,23437.12,109.9
1454,2014-11-24,115.11,2069.41,4754.89,2532.88,8577.91,1507.81,23893.14,109.94
1455,2014-11-25,115.38,2067.03,4758.25,2567.6,8693.43,1541.92,23843.91,110.18
1456,2014-11-26,115.16,2072.83,4787.32,2604.35,8763.78,1554.22,24111.98,110.27
1457,2014-11-28,112.11,2067.56,4791.63,2682.83,9002.23,1570.85,23987.45,110.61
1458,2014-12-01,116.58,2053.44,4727.35,2680.16,9095.76,1552.31,23367.45,110.08
1459,2014-12-02,115.14,2066.55,4755.81,2763.54,9366.95,1565.42,23654.3,109.86
1460,2014-12-03,116.33,2074.33,4774.47,2779.52,9643.92,1604.45,23428.62,109.76
1461,2014-12-04,115.88,2071.92,4769.44,2899.46,10029.83,1621.85,23832.56,110.09
1462,2014-12-05,114.43,2075.37,4780.76,2937.65,10067.28,1581.91,24002.64,109.62
1463,2014-12-08,115.78,2060.31,4740.69,3020.26,10554.57,1567.16,24047.67,109.89
1464,2014-12-09,118.19,2059.82,4766.47,2856.27,10116.49,1504.62,23485.83,110.06
1465,2014-12-10,117.96,2026.14,4684.02,2940.01,10545.52,1572.69,23524.52,110.25
1466,2014-12-11,117.69,2035.33,4708.16,2925.74,10478.88,1587.67,23312.54,110.21
1467,2014-12-12,117.41,2002.33,4653.6,2938.17,10462.31,1623.57,23249.2,110.56
1468,2014-12-15,114.39,1989.63,4605.16,2953.42,10504.23,1657.5,23027.85,110.26
1469,2014-12-16,114.95,1972.74,4547.83,3021.52,10668.62,1649.58,22670.5,110.53
1470,2014-12-17,114.27,2012.89,4644.31,3061.02,10786.72,1644.21,22585.84,110.39
1471,2014-12-18,115.15,2061.23,4748.4,3057.52,10665.18,1634.05,22832.21,110.1
1472,2014-12-19,114.77,2070.65,4765.38,3108.6,10627.11,1596.81,23116.63,110.28
1473,2014-12-22,112.55,2078.54,4781.42,3127.45,10608.52,1517.93,23408.57,110.45
1474,2014-12-23,112.74,2082.17,4765.42,3032.61,10570.79,1496.53,23333.69,109.94
1475,2014-12-24,112.77,2081.88,4773.47,2972.53,10292.52,1519.8,23351.23,109.69
1476,2014-12-26,114.83,2088.77,4806.86,3157.6,10802.64,1536.08,23351.23,109.74
1477,2014-12-29,113.67,2090.57,4806.91,3168.02,10780.4,1499.4,23773.18,109.97
1478,2014-12-30,115.2,2080.35,4777.44,3165.81,10722.26,1460.11,23501.1,110.09
1479,2014-12-31,113.58,2058.9,4736.05,3234.68,11014.63,1471.76,23592.43,110.12
1480,2015-01-02,114.08,2058.2,4726.81,3234.68,11014.63,1471.76,23857.82,110.43
1481,2015-01-05,115.8,2020.58,4652.57,3350.52,11520.59,1464.77,23721.32,110.67
1482,2015-01-06,117.12,2002.61,4592.74,3351.45,11667.97,1539.83,23485.41,110.95
1483,2015-01-07,116.43,2025.9,4650.47,3373.95,11613.36,1523.39,23681.26,110.93
1484,2015-01-08,115.94,2062.14,4736.19,3293.46,11465.14,1541.89,23835.53,110.76
1485,2015-01-09,117.26,2044.81,4704.07,3285.41,11324.76,1553.24,23919.95,111.03
1486,2015-01-12,118.56,2028.26,4664.71,3229.32,11285.18,1586.12,24026.46,111.12
1487,2015-01-13,118.16,2023.03,4661.5,3235.3,11355.81,1601.17,24215.97,111.15
1488,2015-01-14,117.97,2011.27,4639.32,3222.44,11237.78,1588.01,24112.6,111.42
1489,2015-01-15,120.94,1992.67,4570.82,3336.46,11483.68,1586.34,24350.91,111.93
1490,2015-01-16,122.52,2019.42,4634.38,3376.5,11532.8,1639.56,24103.52,111.5
1491,2015-01-20,124.2,2022.55,4654.85,3173.05,10996.48,1700.85,23951.16,111.69
1492,2015-01-21,124.23,2032.12,4667.42,3323.61,11372.18,1722.58,24352.58,111.49
1493,2015-01-22,125.23,2063.15,4750.4,3343.34,11471.21,1744.04,24522.63,111.43
1494,2015-01-23,124.23,2051.82,4757.88,3351.76,11436.29,1697.29,24850.45,111.71
1495,2015-01-26,122.99,2057.09,4771.76,3383.18,11686.97,1739.79,24909.9,111.66
1496,2015-01-27,124.4,2029.55,4681.5,3352.96,11551.87,1743.68,24807.28,111.6
1497,2015-01-28,123.42,2002.16,4637.99,3305.74,11354.2,1731.41,24861.81,112.07
1498,2015-01-29,120.76,2021.25,4683.41,3262.3,11249.04,1711.37,24595.85,111.98
1499,2015-01-30,123.45,1994.99,4635.24,3210.36,11150.69,1680.58,24507.05,112.38
1500,2015-02-02,122.42,2020.85,4676.69,3128.3,10963.14,1696.83,24484.74,112.2
1501,2015-02-03,121.05,2050.03,4727.74,3204.91,11209.19,1750.91,24554.78,111.77
1502,2015-02-04,121.58,2041.51,4716.7,3174.13,11116.55,1757.74,24679.76,111.94
1503,2015-02-05,121.79,2062.52,4765.1,3136.53,11065.58,1774.31,24765.49,111.71
1504,2015-02-06,118.64,2055.47,4744.4,3075.91,10791.1,1730.97,24679.39,111.06
1505,2015-02-09,119.17,2046.74,4726.01,3095.12,10868.14,1708.85,24521.0,111.04
1506,2015-02-10,118.47,2068.59,4787.65,3141.59,11136.62,1747.68,24528.1,110.92
1507,2015-02-11,117.07,2068.53,4801.18,3157.7,11265.63,1772.85,24315.02,110.87
1508,2015-02-12,117.34,2088.48,4857.61,3173.42,11302.73,1788.81,24422.15,110.89
1509,2015-02-13,117.98,2096.99,4893.84,3203.83,11443.05,1825.49,24682.54,110.76
1510,2015-02-17,116.01,2100.34,4899.27,3246.91,11718.56,1894.31,24784.88,110.31
1511,2015-02-18,116.34,2099.68,4906.36,3246.91,11718.56,1894.31,24819.78,110.62
1512,2015-02-19,115.94,2097.45,4924.7,3246.91,11718.56,1894.31,24819.78,110.53
1513,2015-02-20,115.28,2110.3,4955.97,3246.91,11718.56,1894.31,24819.78,110.55
1514,2015-02-23,115.43,2109.66,4960.97,3246.91,11718.56,1894.31,24836.76,110.75
1515,2015-02-24,115.26,2115.48,4968.12,3246.91,11718.56,1894.31,24750.07,111.24
1516,2015-02-25,115.7,2113.86,4967.14,3228.84,11539.7,1876.75,24778.28,111.32
1517,2015-02-26,116.07,2110.74,4987.89,3298.36,11750.78,1880.39,24902.06,110.92
1518,2015-02-27,116.16,2104.5,4963.53,3310.3,11757.68,1928.04,24823.29,111.2
1519,2015-03-02,115.68,2117.39,5008.1,3336.28,11884.02,1986.99,24887.44,110.45
1520,2015-03-03,115.47,2107.78,4979.9,3263.05,11526.22,1961.74,24702.78,110.31
1521,2015-03-04,115.11,2098.53,4967.14,3279.53,11655.08,2009.83,24465.38,110.37
1522,2015-03-05,115,2101.04,4982.81,3248.48,11566.39,2014.79,24193.04,110.42
1523,2015-03-06,111.86,2071.26,4927.37,3241.19,11392.4,1951.4,24164.0,109.7
1524,2015-03-09,111.97,2079.43,4942.44,3302.41,11533.23,1994.39,24123.05,109.98
1525,2015-03-10,111.42,2044.16,4859.8,3286.07,11556.65,2045.32,23896.98,110.24
1526,2015-03-11,110.75,2040.24,4849.94,3290.9,11525.09,2035.83,23717.97,110.46
1527,2015-03-12,110.72,2065.95,4893.29,3349.32,11635.59,2018.13,23797.96,110.55
1528,2015-03-13,110.88,2053.4,4871.76,3372.91,11713.61,2069.07,23823.21,110.34
1529,2015-03-16,110.81,2081.19,4929.51,3449.3,12017.77,2142.67,23949.55,110.58
1530,2015-03-17,110.21,2074.28,4937.44,3502.85,12169.52,2137.46,23901.49,110.56
1531,2015-03-18,112.37,2099.5,4982.83,3577.3,12496.24,2182.92,24120.08,111.37
1532,2015-03-19,112.29,2089.27,4992.38,3582.27,12429.11,2183.88,24468.89,110.98
1533,2015-03-20,113.57,2108.1,5026.42,3617.32,12544.45,2213.77,24375.24,111.32
1534,2015-03-23,114.29,2104.42,5010.97,3687.73,12780.32,2293.65,24494.51,111.34
1535,2015-03-24,114.57,2091.5,4994.73,3691.41,12801.2,2357.97,24399.6,111.64
1536,2015-03-25,114.73,2061.05,4876.52,3660.73,12757.1,2385.01,24528.23,111.43
1537,2015-03-26,115.48,2056.15,4863.36,3682.1,12712.98,2291.79,24497.08,111.03
1538,2015-03-27,115.06,2061.02,4891.22,3691.1,12874.42,2323.82,24486.2,111.19
1539,2015-03-30,113.75,2086.24,4947.44,3786.57,13193.32,2290.48,24855.12,111.24
1540,2015-03-31,113.66,2067.89,4900.88,3747.9,13160.67,2335.17,24900.89,111.43
1541,2015-04-01,115.6,2059.69,4880.23,3810.29,13394.72,2404.91,25082.75,111.58
1542,2015-04-02,115.28,2066.96,4886.94,3825.78,13426.1,2475.33,25275.64,111.43
1543,2015-04-06,116.69,2080.62,4917.32,3825.78,13426.1,2475.33,25275.64,111.5
1544,2015-04-07,116.11,2076.33,4910.23,3961.38,13768.73,2556.7,25275.64,111.52
1545,2015-04-08,115.47,2081.9,4950.82,3994.81,13841.72,2488.16,26236.86,111.53
1546,2015-04-09,114.67,2091.18,4974.56,3957.53,13796.73,2496.49,26944.39,111.25
1547,2015-04-10,115.97,2102.06,4995.98,4034.31,14013.34,2552.83,27272.39,111.25
1548,2015-04-13,115.14,2092.43,4988.25,4121.71,14149.51,2577.78,28016.34,111.37
1549,2015-04-14,114.44,2095.84,4977.29,4135.56,14042.46,2558.85,27561.49,111.49
1550,2015-04-15,115.43,2106.63,5011.02,4084.16,13646.61,2441.74,27618.82,111.64
1551,2015-04-16,115.03,2104.99,5007.79,4194.82,13967.8,2484.33,27739.71,111.58
1552,2015-04-17,115.6,2081.18,4931.81,4287.3,14149.34,2463.99,27653.12,111.67
1553,2015-04-20,114.72,2100.4,4994.6,4217.08,13871.6,2424.85,27094.93,111.59
1554,2015-04-21,115.38,2097.29,5014.1,4293.62,14439.0,2566.09,27850.49,111.47
1555,2015-04-22,113.83,2107.96,5035.17,4398.49,14749.13,2634.93,27933.85,111.14
1556,2015-04-23,114.66,2112.93,5056.06,4414.51,14743.22,2706.19,27827.7,111.31
1557,2015-04-24,113.05,2117.69,5092.09,4393.69,14598.7,2734.75,28060.98,111.5
1558,2015-04-27,115.33,2108.92,5060.25,4527.4,14809.42,2747.5,28433.59,111.54
1559,2015-04-28,116.33,2114.76,5055.42,4476.21,14707.25,2687.97,28442.75,111.11
1560,2015-04-29,115.51,2106.85,5023.64,4476.62,14871.95,2797.52,28400.34,110.86
1561,2015-04-30,113.47,2085.51,4941.42,4441.66,14818.64,2857.89,28133.0,110.86
1562,2015-05-01,113.08,2108.29,5005.39,4441.66,14818.64,2857.89,28133.0,110.34
1563,2015-05-04,114.1,2114.49,5016.93,4480.46,14860.53,2845.25,28123.82,110.13
1564,2015-05-05,114.42,2089.46,4939.33,4298.71,14233.1,2783.44,27755.54,110.03
1565,2015-05-06,114.36,2080.15,4919.64,4229.27,14136.17,2846.56,27640.91,109.66
1566,2015-05-07,113.42,2088.0,4945.54,4112.21,14114.73,2806.05,27289.97,109.93
1567,2015-05-08,113.97,2116.1,5003.55,4205.92,14481.25,2973.6,27577.34,110.29
1568,2015-05-11,113.53,2105.33,4993.57,4333.58,14944.88,3146.83,27718.2,109.59
1569,2015-05-12,114.5,2099.12,4976.19,4401.22,15066.29,3250.3,27407.18,109.58
1570,2015-05-13,116.55,2098.48,4981.69,4375.76,15173.09,3192.15,27249.28,109.57
1571,2015-05-14,117.18,2121.1,5050.8,4378.31,15024.47,3141.59,27286.55,109.74
1572,2015-05-15,117.53,2122.73,5048.29,4308.69,14694.95,3145.34,27822.28,110.2
1573,2015-05-18,117.52,2129.2,5078.44,4283.49,14672.63,3278.48,27591.25,109.78
1574,2015-05-19,115.89,2127.83,5070.03,4417.55,15127.38,3322.77,27693.54,109.4
1575,2015-05-20,116.08,2125.85,5071.74,4446.29,15337.08,3406.28,27585.05,109.57
1576,2015-05-21,115.69,2130.82,5090.79,4529.42,15872.53,3527.41,27523.72,109.91
1577,2015-05-22,115.6,2126.06,5089.36,4657.6,16045.8,3516.63,27992.83,109.79
1578,2015-05-26,113.91,2104.2,5032.75,4910.9,16903.47,3618.23,28249.86,110.06
1579,2015-05-27,113.89,2123.48,5106.59,4941.71,16963.52,3628.67,28081.21,110.17
1580,2015-05-28,114.02,2120.79,5097.98,4620.27,15912.95,3432.98,27454.31,110.13
1581,2015-05-29,114.1,2107.39,5070.02,4611.74,16100.45,3542.84,27424.19,110.17
1582,2015-06-01,114,2111.73,5082.93,4828.74,16917.53,3718.75,27597.16,109.66
1583,2015-06-02,114.46,2109.6,5076.52,4910.53,17485.58,3901.54,27466.72,109.23
1584,2015-06-03,113.64,2114.07,5099.23,4909.98,17538.5,3982.25,27657.47,108.8
1585,2015-06-04,112.84,2095.84,5059.12,4947.1,17501.05,3943.47,27551.89,109.03
1586,2015-06-05,112.24,2092.83,5068.46,5023.1,17649.09,3885.83,27260.16,108.55
1587,2015-06-08,112.57,2079.28,5021.63,5131.88,17452.31,3704.55,27316.28,108.71
1588,2015-06-09,112.82,2080.15,5013.86,5113.53,17399.0,3705.54,26989.52,108.4
1589,2015-06-10,113.78,2105.2,5076.69,5106.04,17677.57,3834.7,26687.64,108.13
1590,2015-06-11,113.26,2108.86,5082.51,5121.59,17889.69,3862.14,26907.85,108.71
1591,2015-06-12,113.23,2094.11,5051.1,5166.35,18098.27,3899.71,27280.54,108.58
1592,2015-06-15,113.73,2084.43,5029.97,5062.99,17702.55,3696.03,26861.81,108.71
1593,2015-06-16,113.32,2096.29,5055.55,4887.43,17075.93,3590.67,26566.7,108.89
1594,2015-06-17,113.85,2100.44,5064.88,4967.9,17405.57,3741.36,26753.79,108.9
1595,2015-06-18,115.32,2121.24,5132.95,4785.36,16734.84,3504.55,26694.66,108.87
1596,2015-06-19,115.12,2109.99,5117.0,4478.36,15725.47,3314.98,26760.53,109.21
1597,2015-06-22,113.64,2122.85,5153.97,4478.36,15725.47,3314.98,27080.85,108.67
1598,2015-06-23,112.89,2124.2,5160.1,4576.49,16045.99,3393.94,27333.46,108.42
1599,2015-06-24,112.59,2108.58,5122.41,4690.15,16312.31,3383.4,27404.97,108.59
1600,2015-06-25,112.44,2102.31,5112.19,4527.78,15692.44,3206.38,27145.75,108.47
1601,2015-06-26,112.56,2101.49,5080.51,4192.87,14398.79,2920.7,26663.87,108.21
1602,2015-06-29,113.07,2057.64,4958.47,4053.03,13566.27,2689.76,25966.98,108.85
1603,2015-06-30,112.37,2063.11,4986.87,4277.22,14337.97,2858.61,26250.03,108.78
1604,2015-07-01,111.98,2077.42,5013.12,4053.7,13650.82,2759.41,26250.03,108.29
1605,2015-07-02,111.76,2076.78,5009.21,3912.77,12924.19,2649.32,26282.32,108.44
1606,2015-07-06,112.06,2068.76,4991.94,3775.91,12075.77,2493.83,25236.28,108.83
1607,2015-07-07,110.76,2081.34,4997.46,3727.12,11375.6,2352.01,24975.31,108.98
1608,2015-07-08,111.09,2046.68,4909.76,3507.19,11040.89,2364.05,23516.56,109.24
1609,2015-07-09,111.36,2051.31,4922.4,3709.33,11510.34,2435.76,24392.79,108.84
1610,2015-07-10,111.49,2076.62,4997.7,3877.8,12038.15,2535.89,24901.28,108.38
1611,2015-07-13,110.99,2099.6,5071.51,3970.39,12614.16,2683.07,25224.01,108.22
1612,2015-07-14,110.74,2108.96,5104.89,3924.49,12728.51,2726.05,25120.91,108.4
1613,2015-07-15,110.16,2107.4,5098.94,3805.7,12132.42,2590.03,25055.76,108.69
1614,2015-07-16,109.76,2124.29,5163.18,3823.18,12357.61,2627.08,25162.78,108.78
1615,2015-07-17,108.65,2126.64,5210.14,3957.35,13004.96,2783.32,25415.27,108.79
1616,2015-07-20,105.7,2128.28,5218.86,3992.11,13202.4,2848.3,25404.81,108.6
1617,2015-07-21,105.37,2119.21,5208.12,4017.67,13315.56,2882.9,25536.43,108.78
1618,2015-07-22,104.8,2114.15,5171.77,4026.04,13416.54,2897.37,25282.62,108.83
1619,2015-07-23,104.33,2102.15,5146.41,4123.92,13754.53,2967.95,25398.85,109.14
1620,2015-07-24,105.35,2079.65,5088.63,4070.91,13518.52,2897.82,25128.51,109.12
1621,2015-07-27,104.86,2067.64,5039.78,3725.56,12493.05,2683.45,24351.96,109.26
1622,2015-07-28,105.02,2093.25,5089.21,3663.0,12316.78,2581.96,24503.94,109.15
1623,2015-07-29,105.17,2108.57,5111.73,3789.17,12823.07,2693.87,24619.45,109.06
1624,2015-07-30,104.27,2108.63,5128.78,3705.77,12395.93,2561.19,24497.98,109.07
1625,2015-07-31,104.93,2103.84,5128.28,3663.73,12374.26,2539.84,24636.28,109.5
1626,2015-08-03,104.1,2098.04,5115.38,3622.91,12161.59,2399.27,24411.42,109.4
1627,2015-08-04,104.31,2093.32,5105.55,3756.54,12711.57,2546.16,24406.12,109.08
1628,2015-08-05,103.93,2099.84,5139.94,3694.57,12524.7,2502.04,24514.16,108.88
1629,2015-08-06,104.39,2083.56,5056.44,3661.54,12421.86,2480.93,24375.28,109.01
1630,2015-08-07,104.65,2077.57,5043.54,3744.2,12753.06,2576.99,24552.47,109.2
1631,2015-08-10,105.72,2104.18,5101.8,3928.42,13302.97,2706.72,24521.12,109.06
1632,2015-08-11,106.26,2084.07,5036.79,3927.91,13323.09,2698.91,24498.21,109.42
1633,2015-08-12,107.75,2086.05,5044.39,3886.32,13117.11,2622.19,23916.02,109.35
1634,2015-08-13,106.86,2083.39,5033.56,3954.56,13395.19,2684.26,24018.8,109.12
1635,2015-08-14,106.85,2091.54,5048.23,3965.33,13445.88,2674.02,23991.03,109.07
1636,2015-08-17,107.13,2102.44,5091.7,3993.67,13573.91,2666.29,23814.65,109.26
1637,2015-08-18,107.11,2096.92,5059.35,3748.16,12683.87,2504.17,23474.97,109.06
1638,2015-08-19,108.55,2079.61,5019.05,3794.11,12960.67,2570.69,23167.85,109.4
1639,2015-08-20,110.44,2035.73,4877.49,3664.29,12584.59,2508.82,22757.47,109.57
1640,2015-08-21,111.13,1970.89,4706.04,3507.74,11902.06,2341.95,22409.62,109.76
1641,2015-08-24,110.53,1893.21,4526.25,3209.91,10970.3,2152.61,21251.57,109.72
1642,2015-08-25,109.16,1867.61,4506.49,2964.97,10197.95,1990.71,21404.96,109.46
1643,2015-08-26,107.67,1940.51,4697.54,2927.29,9899.73,1890.04,21080.39,108.95
1644,2015-08-27,107.73,1987.66,4812.71,3083.59,10254.36,1959.49,21838.54,109.1
1645,2015-08-28,108.7,1988.87,4828.32,3232.35,10800.01,2082.12,21612.39,109
1646,2015-08-31,108.82,1972.18,4776.51,3205.99,10549.17,1996.87,21670.58,108.92
1647,2015-09-01,109.2,1913.85,4636.1,3166.62,10162.52,1889.49,21185.43,109.02
1648,2015-09-02,108.62,1948.86,4749.98,3160.17,10054.8,1855.03,20934.94,108.88
1649,2015-09-03,107.84,1951.13,4733.5,3160.17,10054.8,1855.03,20934.94,109.04
1650,2015-09-04,107.49,1921.22,4683.92,3160.17,10054.8,1855.03,20840.61,109.27
1651,2015-09-08,107.52,1969.41,4811.93,3170.45,10320.23,2001.16,21259.04,109.01
1652,2015-09-09,106.13,1942.04,4756.53,3243.09,10620.13,2071.72,22131.31,109.05
1653,2015-09-10,106.38,1952.29,4796.25,3197.89,10424.65,2039.12,21562.5,108.93
1654,2015-09-11,106.16,1961.05,4822.34,3200.23,10463.69,2060.5,21504.37,109.06
1655,2015-09-14,106.22,1953.03,4805.76,3114.8,9778.23,1906.21,21561.9,109.09
1656,2015-09-15,105.9,1978.09,4860.52,3005.17,9290.81,1797.56,21455.23,108.6
1657,2015-09-16,107.31,1995.31,4889.24,3152.26,9890.43,1926.25,21966.66,108.51
1658,2015-09-17,108.41,1990.2,4893.95,3086.06,9739.89,1933.3,21854.63,109.19
1659,2015-09-18,109.21,1958.03,4827.23,3097.92,9850.77,1983.3,21920.83,109.28
1660,2015-09-21,108.53,1966.97,4828.95,3156.54,10176.73,2079.06,21756.93,108.99
1661,2015-09-22,107.79,1942.74,4756.72,3185.62,10238.69,2078.72,21796.58,109.25
1662,2015-09-23,108.22,1938.76,4752.74,3115.89,10132.29,2077.99,21302.91,109.16
1663,2015-09-24,110.49,1932.24,4734.48,3142.69,10238.04,2106.59,21095.98,109.3
1664,2015-09-25,109.81,1931.34,4686.5,3092.35,9904.76,2020.97,21186.32,109.11
1665,2015-09-28,108.42,1881.77,4543.97,3100.76,10115.55,2122.26,21186.32,109.37
1666,2015-09-29,107.98,1884.09,4517.32,3038.14,9949.92,2098.57,20556.6,109.54
1667,2015-09-30,106.86,1920.03,4620.16,3052.78,9988.25,2082.67,20846.3,109.58
1668,2015-10-01,106.73,1923.82,4627.08,3052.78,9988.25,2082.67,20846.3,109.46
1669,2015-10-02,108.99,1951.36,4707.77,3052.78,9988.25,2082.67,21506.09,109.79
1670,2015-10-05,108.77,1987.05,4781.26,3052.78,9988.25,2082.67,21854.5,109.38
1671,2015-10-06,109.86,1979.92,4748.36,3052.78,9988.25,2082.67,21831.62,109.65
1672,2015-10-07,109.7,1995.83,4791.15,3052.78,9988.25,2082.67,22515.76,109.57
1673,2015-10-08,109.14,2013.43,4810.79,3143.36,10394.73,2190.31,22354.91,109.42
1674,2015-10-09,110.87,2014.89,4830.47,3183.15,10540.19,2216.66,22458.8,109.33
1675,2015-10-12,111.31,2017.46,4838.64,3287.66,10961.36,2316.78,22730.93,109.61
1676,2015-10-13,111.86,2003.69,4796.61,3293.23,11042.13,2342.04,22600.46,109.62
1677,2015-10-14,113.81,1994.24,4782.85,3262.44,10901.48,2305.0,22439.91,110.03
1678,2015-10-15,113.29,2023.86,4870.1,3338.07,11229.39,2404.53,22888.17,109.88
1679,2015-10-16,112.49,2033.11,4886.69,3391.35,11374.84,2449.03,23067.37,109.77
1680,2015-10-19,112.02,2033.66,4905.47,3386.7,11391.02,2433.6,23075.61,109.88
1681,2015-10-20,112.73,2030.77,4880.97,3425.33,11597.09,2511.16,22989.22,109.66
1682,2015-10-21,111.73,2018.94,4840.12,3320.68,10916.0,2344.74,22989.22,109.92
1683,2015-10-22,111.69,2052.51,4920.05,3368.74,11305.11,2458.14,22845.37,109.94
1684,2015-10-23,111.5,2075.15,5031.86,3412.43,11603.47,2538.38,23151.94,109.75
1685,2015-10-26,111.43,2071.18,5034.7,3429.58,11687.78,2527.48,23116.25,109.8
1686,2015-10-27,111.68,2065.89,5030.15,3434.34,11758.42,2563.96,23142.73,109.96
1687,2015-10-28,110.78,2090.35,5095.69,3375.2,11494.36,2485.24,22956.57,109.63
1688,2015-10-29,109.72,2089.41,5074.27,3387.32,11566.67,2485.28,22819.94,109.16
1689,2015-10-30,109.3,2079.36,5053.75,3382.56,11546.06,2478.28,22640.04,109.45
1690,2015-11-02,108.59,2104.05,5127.15,3325.08,11304.89,2432.04,22370.04,109.02
1691,2015-11-03,106.98,2109.79,5145.13,3316.7,11288.15,2429.27,22568.43,108.82
1692,2015-11-04,105.97,2102.31,5142.48,3459.64,11884.91,2584.32,23053.57,108.82
1693,2015-11-05,105.64,2099.93,5127.74,3522.82,11939.82,2564.72,23051.04,108.77
1694,2015-11-06,104.1,2099.2,5147.12,3590.03,12273.36,2661.41,22867.33,108.25
1695,2015-11-09,104.4,2078.58,5095.3,3646.88,12453.25,2724.62,22726.77,108.18
1696,2015-11-10,104.18,2081.72,5083.24,3640.49,12500.54,2746.61,22401.7,108.38
1697,2015-11-11,103.83,2075.0,5067.02,3650.25,12677.55,2804.68,22352.17,108.24
1698,2015-11-12,103.85,2045.97,5005.08,3632.9,12635.4,2783.3,22888.92,108.34
1699,2015-11-13,103.56,2023.04,4927.88,3580.84,12402.05,2710.16,22396.14,108.55
1700,2015-11-16,103.71,2053.19,4984.62,3606.96,12620.39,2797.16,22010.82,108.64
1701,2015-11-17,102.34,2050.44,4986.02,3604.8,12511.55,2717.05,22264.25,108.72
1702,2015-11-18,102.43,2083.58,5075.2,3568.47,12283.77,2661.17,22188.26,108.64
1703,2015-11-19,103.56,2081.24,5073.64,3617.06,12609.85,2770.75,22500.22,108.69
1704,2015-11-20,103.09,2089.17,5104.92,3630.5,12702.04,2800.15,22754.72,108.62
1705,2015-11-23,102.26,2086.59,5102.48,3610.31,12586.7,2770.58,22665.9,108.65
1706,2015-11-24,102.94,2089.14,5102.81,3616.11,12694.87,2816.05,22587.63,108.75
1707,2015-11-25,102.46,2088.87,5116.14,3647.93,12893.24,2897.57,22498.0,108.8
1708,2015-11-27,101.25,2090.11,5127.52,3436.3,11961.71,2649.55,22068.32,108.77
1709,2015-11-30,101.92,2080.41,5108.67,3445.4,12037.87,2672.58,21996.42,108.81
1710,2015-12-01,102.28,2102.63,5156.31,3456.31,12081.18,2655.35,22381.35,108.82
1711,2015-12-02,100.69,2079.51,5123.22,3536.91,12186.28,2613.26,22479.69,108.69
1712,2015-12-03,101.76,2049.62,5037.53,3584.82,12447.39,2708.12,22417.01,107.89
1713,2015-12-04,104.02,2091.69,5142.27,3524.99,12329.19,2692.16,22235.89,108.24
1714,2015-12-07,102.67,2077.07,5101.81,3536.93,12443.06,2738.15,22203.22,108.4
1715,2015-12-08,102.84,2063.59,5098.24,3470.07,12164.98,2691.66,21905.13,108.44
1716,2015-12-09,102.64,2047.62,5022.86,3472.44,12179.84,2667.91,21803.76,108.44
1717,2015-12-10,102.55,2052.23,5045.17,3455.5,12181.04,2695.51,21704.61,108.42
1718,2015-12-11,103.11,2012.37,4933.47,3434.58,12134.03,2671.29,21464.05,108.69
1719,2015-12-14,101.79,2021.94,4952.23,3520.67,12400.6,2709.26,21309.85,108.18
1720,2015-12-15,101.52,2043.41,4995.36,3510.35,12495.26,2745.7,21274.37,108.19
1721,2015-12-16,102.75,2073.07,5071.13,3516.19,12511.04,2763.11,21701.21,108
1722,2015-12-17,100.5,2041.89,5002.55,3580.0,12825.49,2835.7,21872.06,108.15
1723,2015-12-18,102.04,2005.55,4923.08,3578.96,12830.26,2830.26,21755.56,108.38
1724,2015-12-21,103.15,2021.15,4968.92,3642.47,13028.32,2829.92,21791.68,108.28
1725,2015-12-22,102.61,2038.97,5001.11,3651.77,13139.14,2839.85,21830.02,108.2
1726,2015-12-23,102.31,2064.29,5045.93,3636.09,13007.88,2783.94,22040.59,108.18
1727,2015-12-24,103.05,2060.99,5048.49,3612.49,12932.38,2795.78,22138.13,108.01
1728,2015-12-28,102.27,2056.5,5040.98,3533.78,12686.35,2735.49,21919.62,108.01
1729,2015-12-29,102.2,2078.36,5107.94,3563.74,12806.17,2749.82,21999.62,107.74
1730,2015-12-30,101.42,2063.36,5065.85,3572.88,12889.84,2779.51,21882.15,107.72
1731,2015-12-31,101.46,2043.94,5007.41,3539.18,12664.9,2714.05,21914.4,108.01
1732,2016-01-04,102.89,2012.66,4903.09,3296.26,11626.05,2491.24,21327.12,107.97
1733,2016-01-05,103.18,2016.71,4891.43,3287.71,11468.07,2416.73,21188.72,108.02
1734,2016-01-06,104.67,1990.26,4835.77,3361.84,11724.89,2468.37,20980.81,108.43
1735,2016-01-07,106.15,1943.09,4689.43,3125.0,10760.28,2256.52,20333.34,108.42
1736,2016-01-08,105.68,1922.03,4643.63,3186.41,10888.92,2248.99,20453.71,108.66
1737,2016-01-11,104.74,1923.67,4637.99,3016.7,10212.47,2106.36,19888.5,108.35
1738,2016-01-12,104.21,1938.68,4685.92,3022.86,10293.71,2147.53,19711.76,108.59
1739,2016-01-13,104.72,1890.28,4526.06,2949.6,9978.83,2059.78,19934.88,108.84
1740,2016-01-14,103.02,1921.84,4615.0,3007.65,10344.95,2175.01,19817.41,108.8
1741,2016-01-15,104.08,1880.33,4488.42,2900.97,9997.93,2112.9,19520.77,108.93
1742,2016-01-19,103.98,1881.33,4476.95,3007.74,10501.8,2241.7,19635.81,108.82
1743,2016-01-20,105.37,1859.33,4471.69,2976.69,10366.86,2204.65,18886.3,108.91
1744,2016-01-21,105.49,1868.99,4472.06,2880.48,9975.98,2112.4,18542.15,108.76
1745,2016-01-22,105,1906.9,4591.18,2916.56,10111.58,2149.59,19080.51,108.84
1746,2016-01-25,106.08,1877.08,4518.49,2938.51,10192.54,2158.82,19340.14,108.78
1747,2016-01-26,107.29,1903.63,4567.67,2749.79,9483.56,1994.05,18860.8,108.92
1748,2016-01-27,107.69,1882.95,4468.17,2735.56,9422.44,1997.46,19052.45,108.94
1749,2016-01-28,106.54,1893.36,4506.68,2655.66,9082.6,1906.46,19195.83,109.03
1750,2016-01-29,106.95,1940.24,4613.95,2737.6,9418.21,1994.06,19683.11,109.35
1751,2016-02-01,108.05,1939.38,4620.37,2688.85,9322.02,1992.69,19595.5,108.99
1752,2016-02-02,108.09,1903.03,4516.95,2749.57,9610.94,2075.29,19446.84,109.32
1753,2016-02-03,109.25,1912.53,4504.24,2739.25,9638.88,2090.51,18991.59,109.31
1754,2016-02-04,110.57,1915.45,4509.56,2781.02,9793.08,2126.64,19183.09,109.42
1755,2016-02-05,112.32,1880.05,4363.14,2763.49,9673.49,2096.99,19288.17,109.32
1756,2016-02-08,113.83,1853.44,4283.75,2763.49,9673.49,2096.99,19288.17,109.74
1757,2016-02-09,113.58,1852.21,4268.76,2763.49,9673.49,2096.99,19288.17,109.73
1758,2016-02-10,114.46,1851.86,4283.59,2763.49,9673.49,2096.99,19288.17,110
1759,2016-02-11,119.06,1829.08,4266.84,2763.49,9673.49,2096.99,18545.8,110.07
1760,2016-02-12,118.36,1864.78,4337.51,2763.49,9673.49,2096.99,18319.58,109.77
1761,2016-02-16,114.77,1895.58,4435.95,2836.57,10045.38,2201.93,19122.08,109.5
1762,2016-02-17,115.48,1926.83,4534.06,2867.34,10161.78,2215.34,18924.57,109.44
1763,2016-02-18,118.29,1917.83,4487.54,2862.89,10116.41,2190.91,19363.08,109.77
1764,2016-02-19,117.58,1917.78,4504.43,2860.02,10162.33,2211.01,19285.5,109.79
1765,2016-02-22,115.49,1945.5,4570.61,2927.18,10371.0,2245.56,19464.09,109.82
1766,2016-02-23,117.22,1921.27,4503.58,2903.33,10299.68,2218.12,19414.78,109.84
1767,2016-02-24,117.61,1929.8,4542.61,2928.9,10307.64,2203.74,19192.45,109.88
1768,2016-02-25,117.92,1951.7,4582.2,2741.25,9551.09,2037.14,18888.75,110.16
1769,2016-02-26,117.11,1948.05,4590.47,2767.21,9573.71,2014.92,19364.15,109.96
1770,2016-02-29,118.64,1932.23,4557.95,2687.98,9097.37,1880.15,19111.93,110.09
1771,2016-03-01,117.77,1978.35,4689.6,2733.17,9322.01,1934.92,19407.46,109.54
1772,2016-03-02,118.68,1986.45,4703.42,2849.68,9766.38,2017.6,20003.49,109.42
1773,2016-03-03,120.73,1993.4,4707.42,2859.76,9762.02,2007.08,19941.76,109.55
1774,2016-03-04,120.54,1999.99,4717.02,2874.15,9536.72,1907.04,20176.7,109.38
1775,2016-03-07,121.14,2001.76,4708.25,2897.34,9703.84,1953.33,20159.72,109.35
1776,2016-03-08,120.58,1979.26,4648.82,2901.39,9732.74,2002.19,20011.58,109.62
1777,2016-03-09,119.58,1989.27,4674.38,2862.56,9523.15,1970.81,19996.26,109.57
1778,2016-03-10,121.5,1989.57,4662.16,2804.73,9390.36,1936.97,19984.42,109.62
1779,2016-03-11,119.41,2022.19,4748.47,2810.31,9363.42,1934.87,20199.6,109.42
1780,2016-03-14,117.87,2019.64,4750.28,2859.5,9665.14,2023.13,20435.34,109.48
1781,2016-03-15,117.96,2015.93,4728.67,2864.37,9574.2,1996.92,20288.77,109.38
1782,2016-03-16,120.59,2027.22,4763.97,2870.43,9469.04,1977.54,20257.7,109.85
1783,2016-03-17,120.13,2040.59,4774.98,2904.83,9791.86,2087.29,20503.81,110.08
1784,2016-03-18,119.8,2049.58,4795.65,2955.15,10126.6,2177.87,20671.63,110.17
1785,2016-03-21,118.96,2051.6,4808.87,3018.8,10394.15,2227.03,20684.15,109.93
1786,2016-03-22,119.31,2049.8,4821.66,2999.36,10344.09,2221.7,20666.75,109.86
1787,2016-03-23,116.61,2036.71,4768.86,3009.96,10442.39,2259.11,20615.23,110.1
1788,2016-03-24,116.33,2035.94,4773.51,2960.97,10283.69,2219.77,20345.61,110.11
1789,2016-03-28,116.6,2037.05,4766.79,2957.82,10276.85,2199.69,20345.61,110.19
1790,2016-03-29,118.76,2055.01,4846.62,2919.83,10094.72,2152.55,20366.3,110.52
1791,2016-03-30,117.1,2063.95,4869.29,3000.65,10445.7,2248.78,20803.39,110.48
1792,2016-03-31,117.64,2059.74,4869.85,3003.92,10455.38,2238.29,20776.7,110.83
1793,2016-04-01,116.93,2072.78,4914.54,3009.53,10379.66,2205.37,20498.92,110.51
1794,2016-04-04,116.15,2066.13,4891.8,3009.53,10379.66,2205.37,20498.92,110.62
1795,2016-04-05,117.66,2045.17,4843.93,3053.07,10640.28,2279.52,20177.0,110.77
1796,2016-04-06,116.94,2066.66,4920.72,3050.59,10683.87,2297.04,20206.67,110.75
1797,2016-04-07,118.61,2041.91,4848.37,3008.42,10504.89,2248.68,20266.05,110.99
1798,2016-04-08,118.43,2047.6,4850.69,2984.96,10413.55,2229.93,20370.4,110.88
1799,2016-04-11,120.03,2041.99,4833.4,3033.96,10609.6,2283.14,20440.81,110.96
1800,2016-04-12,120.05,2061.72,4872.09,3023.65,10533.42,2264.02,20504.44,110.78
1801,2016-04-13,118.77,2082.42,4947.42,3066.64,10684.93,2294.01,21158.71,110.83
1802,2016-04-14,117.11,2082.78,4945.89,3082.36,10771.62,2324.39,21337.81,110.64
1803,2016-04-15,117.92,2080.73,4938.22,3078.12,10733.64,2309.68,21316.47,110.95
1804,2016-04-18,117.74,2094.34,4960.02,3033.66,10568.94,2265.59,21161.5,110.94
1805,2016-04-19,119.58,2100.8,4940.33,3042.82,10602.47,2272.52,21436.21,110.93
1806,2016-04-20,118.97,2102.4,4948.13,2972.58,10164.75,2145.24,21236.31,110.66
1807,2016-04-21,119.42,2091.48,4945.89,2952.89,10058.81,2110.16,21622.25,110.51
1808,2016-04-22,117.89,2091.58,4906.23,2959.24,10151.77,2136.92,21467.04,110.52
1809,2016-04-25,118.23,2087.79,4895.79,2946.67,10106.8,2126.83,21304.44,110.4
1810,2016-04-26,118.7,2091.7,4888.28,2964.7,10209.91,2155.7,21407.27,110.35
1811,2016-04-27,119.04,2095.15,4863.14,2953.67,10174.17,2146.61,21361.6,110.68
1812,2016-04-28,121.29,2075.81,4805.29,2945.59,10149.92,2155.23,21388.03,110.9
1813,2016-04-29,123.65,2065.3,4775.36,2938.32,10141.55,2138.74,21067.05,110.89
1814,2016-05-02,123.24,2081.43,4817.59,2938.32,10141.55,2138.74,21067.05,110.61
1815,2016-05-03,122.96,2063.37,4763.22,2992.64,10441.93,2217.23,20676.94,110.81
1816,2016-05-04,122.21,2051.12,4725.64,2991.27,10422.81,2211.02,20525.83,110.86
1817,2016-05-05,122.07,2050.63,4717.09,2997.84,10474.02,2224.1,20449.82,111.14
1818,2016-05-06,123.18,2057.14,4736.15,2913.25,10100.55,2129.19,20109.87,110.97
1819,2016-05-09,120.65,2058.69,4750.21,2832.11,9790.49,2053.6,20156.81,111.04
1820,2016-05-10,120.98,2084.39,4809.88,2832.59,9793.22,2054.22,20242.68,111.09
1821,2016-05-11,122.12,2064.46,4760.69,2837.04,9781.16,2034.93,20055.29,111.09
1822,2016-05-12,121.16,2064.11,4737.33,2835.86,9796.59,2034.56,19915.46,110.99
1823,2016-05-13,121.71,2046.61,4717.68,2827.11,9759.28,2025.22,19719.29,111.2
1824,2016-05-16,121.8,2066.66,4775.46,2850.86,9910.09,2057.86,19883.95,111.01
1825,2016-05-17,122.22,2047.21,4715.73,2843.68,9908.8,2081.44,20118.8,110.86
1826,2016-05-18,120.1,2047.63,4739.12,2807.51,9694.79,2020.48,19826.41,110.4
1827,2016-05-19,119.87,2040.04,4712.53,2806.91,9733.75,2037.4,19694.33,110.47
1828,2016-05-20,119.71,2052.32,4769.56,2825.48,9816.76,2065.3,19852.2,110.54
1829,2016-05-23,119.37,2048.04,4765.78,2843.65,9918.17,2098.23,19809.03,110.52
1830,2016-05-24,117.3,2076.06,4861.06,2821.67,9821.71,2075.51,19830.43,110.46
1831,2016-05-25,116.98,2090.54,4894.89,2815.09,9784.61,2067.25,20368.05,110.48
1832,2016-05-26,116.58,2090.1,4901.77,2822.44,9826.15,2086.01,20397.11,110.65
1833,2016-05-27,115.62,2099.06,4933.51,2821.05,9813.64,2069.89,20576.77,110.63
1834,2016-05-31,116.06,2096.96,4948.06,2916.62,10159.94,2159.8,20815.09,110.7
1835,2016-06-01,115.94,2099.33,4952.25,2913.51,10209.15,2168.82,20760.98,110.42
1836,2016-06-02,115.67,2105.26,4971.36,2925.23,10274.04,2188.56,20859.22,110.7
1837,2016-06-03,118.88,2099.13,4942.52,2938.68,10344.92,2204.97,20947.24,111.3
1838,2016-06-06,118.92,2109.41,4968.71,2934.1,10363.09,2199.3,21030.22,111.15
1839,2016-06-07,118.82,2112.13,4961.75,2936.04,10347.85,2196.73,21328.24,111.25
1840,2016-06-08,120.58,2119.12,4974.64,2927.16,10316.83,2186.54,21297.88,111.29
1841,2016-06-09,121.25,2115.48,4958.62,2927.16,10316.83,2186.54,21297.88,111.37
1842,2016-06-10,121.74,2096.07,4894.55,2927.16,10316.83,2186.54,21042.64,111.52
1843,2016-06-13,122.64,2079.06,4848.44,2833.07,9862.59,2054.71,20512.99,111.61
1844,2016-06-14,122.77,2075.32,4843.55,2842.19,9895.16,2058.31,20387.53,111.56
1845,2016-06-15,123.68,2071.5,4834.93,2887.21,10173.86,2128.8,20467.52,111.8
1846,2016-06-16,122.38,2077.99,4844.91,2872.82,10115.13,2101.42,20038.42,111.87
1847,2016-06-17,123.95,2071.22,4800.34,2885.11,10182.54,2122.89,20169.98,111.79
1848,2016-06-20,123.21,2083.25,4837.21,2888.81,10221.86,2119.63,20510.2,111.48
1849,2016-06-21,120.84,2088.9,4843.76,2878.56,10131.87,2092.0,20668.44,111.4
1850,2016-06-22,120.9,2085.45,4833.32,2905.55,10297.99,2144.82,20795.12,111.47
1851,2016-06-23,120.11,2113.32,4910.04,2891.96,10255.28,2137.49,20868.34,111.28
1852,2016-06-24,126.01,2037.41,4707.98,2854.29,10147.72,2127.36,20259.13,111.86
1853,2016-06-27,126.68,2000.54,4594.44,2895.7,10377.57,2191.81,20227.3,112.33
1854,2016-06-28,125.32,2036.09,4691.87,2912.56,10463.45,2216.71,20172.46,112.47
1855,2016-06-29,125.84,2070.77,4779.24,2931.59,10460.97,2209.79,20436.12,112.39
1856,2016-06-30,126.47,2098.86,4842.67,2929.61,10489.99,2227.79,20436.12,112.61
1857,2016-07-01,128.41,2102.95,4862.57,2932.48,10458.43,2211.18,20436.12,112.65
1858,2016-07-05,129.47,2088.55,4822.9,3006.39,10602.77,2246.02,20750.72,112.95
1859,2016-07-06,130.23,2099.73,4859.16,3017.29,10641.65,2241.56,20495.29,113.16
1860,2016-07-07,129.74,2097.9,4876.81,3016.85,10620.58,2233.92,20706.92,113.08
1861,2016-07-08,130.52,2129.9,4956.76,2988.09,10611.8,2239.0,20564.17,113.25
1862,2016-07-11,129.29,2137.16,4988.64,2994.92,10594.82,2218.59,20880.5,112.95
1863,2016-07-12,127.15,2152.14,5022.82,3049.38,10757.85,2247.35,21224.74,112.61
1864,2016-07-13,128.32,2152.43,5005.73,3060.69,10853.56,2285.37,21322.37,112.77
1865,2016-07-14,127.33,2163.75,5034.06,3054.02,10854.14,2293.08,21561.06,112.67
1866,2016-07-15,126.84,2161.74,5029.59,3054.3,10823.21,2263.78,21659.25,112.26
1867,2016-07-18,127.04,2166.89,5055.78,3043.56,10762.0,2249.87,21803.18,112.32
1868,2016-07-19,127.21,2163.78,5036.37,3036.6,10778.25,2273.72,21673.2,112.51
1869,2016-07-20,125.39,2173.02,5089.93,3027.9,10759.86,2268.53,21882.48,112.41
1870,2016-07-21,127.3,2165.17,5073.9,3039.01,10787.21,2265.13,22000.49,112.51
1871,2016-07-22,126.35,2175.03,5100.16,3012.82,10709.07,2250.0,21964.27,112.53
1872,2016-07-25,125.47,2168.48,5097.63,3015.83,10718.36,2245.89,21993.44,112.4
1873,2016-07-26,126,2169.18,5110.05,3050.17,10852.21,2279.55,22129.73,112.4
1874,2016-07-27,128.03,2166.58,5139.81,2992.0,10405.85,2155.39,22218.99,112.73
1875,2016-07-28,127.66,2170.06,5154.98,2994.32,10396.3,2139.74,22174.34,112.72
1876,2016-07-29,128.98,2173.6,5162.13,2979.34,10329.44,2122.41,21891.37,113.02
1877,2016-08-01,129.22,2170.84,5184.2,2953.39,10185.48,2099.18,22129.14,112.55
1878,2016-08-02,130.27,2157.03,5137.73,2971.28,10250.55,2113.21,22129.14,112.22
1879,2016-08-03,129.65,2163.79,5159.74,2978.46,10281.25,2108.31,21739.12,112.34
1880,2016-08-04,129.87,2164.25,5166.25,2982.43,10366.5,2129.65,21832.23,112.55
1881,2016-08-05,127.55,2182.87,5221.12,2976.7,10342.28,2109.06,22146.09,112.17
1882,2016-08-08,127.44,2180.89,5213.14,3004.28,10468.88,2130.59,22494.76,112.24
1883,2016-08-09,127.96,2181.74,5225.48,3025.68,10564.78,2154.51,22465.61,112.53
1884,2016-08-10,128.56,2175.49,5204.59,3018.75,10511.16,2137.0,22492.43,112.66
1885,2016-08-11,127.67,2185.79,5228.4,3002.64,10390.96,2103.4,22580.55,112.36
1886,2016-08-12,127.4,2184.05,5232.9,3050.67,10528.1,2123.84,22766.91,112.63
1887,2016-08-15,127.84,2190.15,5262.02,3125.2,10822.11,2193.21,22932.51,112.43
1888,2016-08-16,128.47,2178.15,5227.11,3110.04,10882.95,2201.1,22910.84,112.36
1889,2016-08-17,128.5,2182.22,5228.66,3109.55,10890.69,2208.2,22799.78,112.57
1890,2016-08-18,129.11,2187.02,5240.15,3104.11,10879.2,2201.59,23023.16,112.73
1891,2016-08-19,127.97,2183.87,5238.38,3108.1,10872.71,2204.56,22937.22,112.48
1892,2016-08-22,127.78,2183.87,5244.6,3084.81,10731.4,2167.4,22997.91,112.65
1893,2016-08-23,127.76,2186.9,5260.08,3089.71,10750.29,2174.16,22998.93,112.68
1894,2016-08-24,126.34,2175.44,5217.69,3085.88,10760.44,2192.17,22820.78,112.64
1895,2016-08-25,126.23,2172.47,5212.2,3068.33,10679.15,2180.66,22826.87,112.52
1896,2016-08-26,126.05,2169.04,5218.92,3070.31,10693.75,2189.75,22909.54,112.34
1897,2016-08-29,126.3,2180.38,5232.33,3070.03,10724.4,2193.2,22821.34,112.65
1898,2016-08-30,125.03,2176.12,5222.99,3074.68,10729.12,2195.53,23016.11,112.59
1899,2016-08-31,124.78,2170.95,5213.22,3085.49,10757.88,2191.76,22976.88,112.57
1900,2016-09-01,125.29,2170.86,5227.21,3063.31,10669.51,2181.33,23162.34,112.46
1901,2016-09-02,126.57,2179.98,5249.9,3067.35,10640.42,2170.86,23266.7,112.31
1902,2016-09-06,128.71,2186.48,5275.91,3090.71,10861.5,2222.84,23787.68,112.55
1903,2016-09-07,128.27,2186.16,5283.93,3091.93,10838.71,2212.05,23741.81,112.61
1904,2016-09-08,127.59,2181.3,5259.48,3095.95,10851.19,2223.47,23919.34,112.22
1905,2016-09-09,126.75,2127.81,5125.91,3078.85,10762.79,2202.97,24099.7,111.73
1906,2016-09-12,126.59,2127.81,5211.89,3021.98,10461.58,2145.56,23290.6,111.82
1907,2016-09-13,125.75,2127.02,5155.26,3023.51,10514.58,2145.87,23215.76,111.51
1908,2016-09-14,126.18,2125.77,5173.77,3002.85,10454.24,2144.56,23190.64,111.65
1909,2016-09-15,125.37,2125.77,5249.69,3002.85,10454.24,2144.56,23335.59,111.72
1910,2016-09-16,125.06,2139.16,5244.57,3002.85,10454.24,2144.56,23335.59,111.8
1911,2016-09-19,125.32,2139.12,5235.03,3026.05,10557.25,2165.21,23550.45,111.71
1912,2016-09-20,125.44,2139.76,5241.35,3023.0,10544.53,2158.43,23530.86,111.75
1913,2016-09-21,127.27,2139.76,5295.18,3025.87,10583.4,2162.13,23669.9,112.03
1914,2016-09-22,127.57,2177.18,5339.52,3042.31,10662.21,2168.42,23759.8,112.26
1915,2016-09-23,127.65,2164.69,5305.75,3033.9,10609.7,2156.51,23686.48,112.23
1916,2016-09-26,127.55,2146.1,5257.49,2980.43,10392.7,2122.9,23317.92,112.37
1917,2016-09-27,126.62,2159.93,5305.71,2998.17,10476.97,2140.8,23571.9,112.51
1918,2016-09-28,126.22,2159.93,5318.55,2987.86,10467.16,2139.63,23619.65,112.54
1919,2016-09-29,126.07,2151.13,5269.15,2998.48,10512.25,2146.18,23739.47,112.54
1920,2016-09-30,125.64,2168.27,5312.0,3004.7,10567.58,2149.9,23297.15,112.42
1921,2016-10-03,125.32,2168.27,5300.87,3004.7,10567.58,2149.9,23584.43,112.09
1922,2016-10-04,120.97,2168.27,5289.66,3004.7,10567.58,2149.9,23689.44,111.71
1923,2016-10-05,120.78,2168.27,5316.02,3004.7,10567.58,2149.9,23788.31,111.56
1924,2016-10-06,119.66,2168.27,5306.85,3004.7,10567.58,2149.9,23952.5,111.56
1925,2016-10-07,119.74,2153.74,5292.4,3004.7,10567.58,2149.9,23851.82,111.58
1926,2016-10-10,120.16,2163.66,5328.67,3048.14,10741.69,2208.47,23851.82,111.53
1927,2016-10-11,119.55,2136.73,5246.79,3065.25,10782.31,2210.86,23549.52,111.36
1928,2016-10-12,119.74,2139.18,5239.02,3058.5,10788.59,2209.69,23407.05,111.4
1929,2016-10-13,120.03,2132.55,5213.33,3061.35,10787.49,2208.57,23031.3,111.56
1930,2016-10-14,119.36,2132.98,5214.16,3063.81,10759.68,2194.23,23233.31,111.37
1931,2016-10-17,119.68,2126.5,5199.82,3041.17,10651.5,2167.86,23037.54,111.56
1932,2016-10-18,120.42,2139.6,5243.84,3083.88,10797.02,2198.14,23394.39,111.74
1933,2016-10-19,121.11,2144.29,5246.41,3084.72,10757.92,2184.91,23304.97,111.8
1934,2016-10-20,120.74,2141.34,5241.83,3084.46,10784.33,2193.26,23374.4,111.76
1935,2016-10-21,120.83,2141.34,5257.4,3090.94,10748.9,2181.0,23374.4,111.83
1936,2016-10-24,120.56,2151.33,5309.83,3128.25,10842.64,2200.8,23604.08,111.66
1937,2016-10-25,121.47,2151.33,5283.4,3131.94,10871.5,2200.21,23565.11,111.66
1938,2016-10-26,120.79,2139.43,5250.27,3116.31,10817.51,2184.49,23325.43,111.44
1939,2016-10-27,121.01,2133.04,5215.97,3112.35,10788.97,2182.48,23132.35,111.16
1940,2016-10-28,121.58,2133.04,5190.1,3104.27,10711.04,2165.43,22954.81,111.16
1941,2016-10-31,121.94,2133.04,5189.14,3100.49,10704.3,2159.76,22934.54,111.3
1942,2016-11-01,122.73,2111.72,5153.58,3122.44,10796.14,2176.45,23147.07,111.03
1943,2016-11-02,123.64,2111.72,5105.57,3102.73,10692.65,2146.4,22810.5,111.16
1944,2016-11-03,124.3,2088.66,5058.41,3128.94,10743.96,2153.18,22683.51,111.01
1945,2016-11-04,124.39,2085.18,5046.37,3125.32,10702.57,2145.23,22642.62,111.24
1946,2016-11-07,122.15,2085.18,5166.17,3133.33,10695.18,2130.3,22801.4,111.11
1947,2016-11-08,121.64,2085.18,5193.49,3147.89,10763.13,2150.3,22909.47,110.93
1948,2016-11-09,121.56,2163.26,5251.07,3128.37,10697.1,2123.84,22415.19,109.9
1949,2016-11-10,119.75,2167.48,5208.8,3171.28,10821.66,2143.32,22839.11,109.45
1950,2016-11-11,117.1,2167.48,5237.11,3196.04,10878.13,2147.11,22531.09,109.25
1951,2016-11-14,116.11,2164.2,5218.4,3210.37,10907.52,2161.69,22222.22,108.81
1952,2016-11-15,117.12,2180.39,5275.62,3206.99,10958.09,2179.3,22323.91,108.89
1953,2016-11-16,116.77,2176.94,5294.58,3205.06,10968.08,2182.47,22280.53,109.13
1954,2016-11-17,116.17,2187.12,5333.97,3208.45,10945.42,2163.04,22262.88,108.72
1955,2016-11-18,115.15,2181.9,5321.51,3192.86,10889.1,2157.96,22344.21,108.37
1956,2016-11-21,115.58,2198.18,5368.86,3218.15,10899.91,2152.6,22400.97,108.46
1957,2016-11-22,115.54,2198.18,5386.35,3248.35,10985.59,2177.65,22678.07,108.56
1958,2016-11-23,113.25,2204.72,5380.68,3241.14,10973.79,2165.71,22676.69,108.18
1959,2016-11-25,112.61,2213.35,5398.92,3261.94,11036.52,2167.53,22723.45,108.17
1960,2016-11-28,113.8,2201.72,5368.81,3277.0,11068.86,2166.04,22830.57,108.55
1961,2016-11-29,113.27,2204.66,5379.92,3282.92,11034.69,2160.35,22737.07,108.67
1962,2016-11-30,111.75,2198.81,5323.68,3250.03,11012.18,2183.05,22789.77,108.24
1963,2016-12-01,111.54,2191.08,5251.11,3273.31,11088.15,2181.93,22878.23,107.68
1964,2016-12-02,112.14,2191.95,5255.65,3243.84,10912.62,2143.45,22564.82,108.02
1965,2016-12-05,111.54,2204.71,5308.89,3204.71,10784.32,2143.88,22505.55,108.11
1966,2016-12-06,111.43,2212.23,5333.0,3199.65,10779.76,2122.26,22675.15,108.09
1967,2016-12-07,111.83,2241.35,5393.76,3222.24,10855.71,2134.99,22800.92,108.37
1968,2016-12-08,111.57,2246.19,5417.36,3215.37,10812.29,2114.71,22861.84,108.17
1969,2016-12-09,110.4,2259.53,5444.5,3232.88,10789.61,2099.89,22760.98,107.84
1970,2016-12-12,110.82,2256.96,5412.54,3152.97,10302.84,1984.39,22433.02,107.74
1971,2016-12-13,110.45,2271.72,5463.83,3155.04,10332.27,1985.04,22446.7,107.88
1972,2016-12-14,108.83,2253.28,5436.67,3140.53,10232.81,1963.08,22456.62,107.29
1973,2016-12-15,107.34,2262.03,5456.85,3117.68,10256.1,1975.85,22059.4,107.16
1974,2016-12-16,108.05,2258.07,5437.16,3122.98,10334.75,1998.11,22020.75,107.23
1975,2016-12-19,108.59,2262.53,5457.44,3118.08,10283.15,1980.41,21832.68,107.51
1976,2016-12-20,107.79,2270.76,5483.94,3102.88,10245.32,1982.3,21729.06,107.41
1977,2016-12-21,107.85,2265.18,5471.43,3137.43,10313.56,1991.7,21809.8,107.64
1978,2016-12-22,107.59,2260.96,5447.42,3139.56,10306.91,1986.27,21636.2,107.39
1979,2016-12-23,107.93,2263.79,5462.69,3110.15,10199.85,1964.54,21574.76,107.42
1980,2016-12-27,108.56,2268.88,5487.44,3114.66,10230.56,1968.62,21574.76,107.34
1981,2016-12-28,108.86,2249.92,5438.56,3102.24,10187.15,1957.15,21754.74,107.51
1982,2016-12-29,110.29,2249.26,5432.09,3096.1,10159.44,1959.24,21790.91,107.84
1983,2016-12-30,109.61,2238.83,5383.12,3103.64,10177.13,1962.06,22002.77,108.06
